attr1,attr2,attr3,class
0.47013545089010433,0.4239324580114907,0.34677092705500673,1
0.46342668583283864,0.42570385649770215,0.3493550764970158,2
0.45825397253019295,0.4259384906228353,0.3478714170665631,0
0.4628237705572107,0.4391563226501469,0.35933970380366553,1
0.4579983196564048,0.4342268535215842,0.3499164631188091,2
0.4528809989729683,0.4116214635927232,0.3286707210999237,0
0.4532964319848197,0.42104706824374993,0.34170286622511603,1
0.45418056774805815,0.43292472905641854,0.35119517033326275,2
0.4569799655528167,0.43517173787960584,0.35980307218019913,0
0.45653683623136077,0.4320939907176088,0.35847089493954176,1
0.45522448364935975,0.4443479121267704,0.3628283128483796,2
0.45833706145900677,0.46575686941765804,0.3875181035295866,0
0.44604014427113525,0.47501759712657654,0.38630176990347986,1
0.4516751684217124,0.48447702431646067,0.39445298712715804,2
0.45349030033594306,0.4906811432288206,0.39947871346519204,0
0.4582262762205884,0.49161546128951283,0.4039096465783917,1
0.468735751987725,0.49329595845648133,0.40287375604571785,2
0.4870852550338073,0.4863118378989876,0.40156385595542265,0
0.5143101806608988,0.4838386491426867,0.4045178133914452,1
0.5522192805119925,0.478469498550536,0.41054601149577585,2
0.5962896169478245,0.4756771164365686,0.4154937769300445,0
0.4997699089239255,0.4009043007738604,0.33281204517674723,1
0.428887951177071,0.4095456737983537,0.3455501355661602,2
0.5123160870821295,0.4643279147598617,0.4498986371413517,0
0.32279403256080985,0.3361066930343587,0.26991022138117343,1
0.4727622905659973,0.456599721430622,0.4131658116763661,2
0.3414055803841358,0.3554800193856643,0.3226759356803022,0
0.4913227031616786,0.4987327541263469,0.49762525151422743,1
0.40103027945285585,0.4293438853345184,0.3968544615035303,2
0.5144486622089218,0.4930444159473092,0.4939762506359068,0
0.6913968422624329,0.6456952748868705,0.620098468167068,1
0.5411835864945862,0.49761664496872793,0.5115952689268338,2
0.5237267398109803,0.5533628023191656,0.43880683606987003,0
0.5462710821726358,0.5717468554762626,0.469475818773612,1
0.4766993483120001,0.5143371093428956,0.40998463095565063,2
0.5575709554791769,0.5810350636373289,0.5079061716105286,0
0.46107893794877397,0.4232729387014986,0.34995655955679383,1
0.4633968608274518,0.43156341947633714,0.3605203927728593,2
0.4608850695976505,0.4336328671839971,0.35586446834717067,0
0.4627406874445057,0.4211295096001938,0.3408919791682675,1
0.45358404437588573,0.41410310654104354,0.3331996724583831,2
0.45041607394702954,0.4301429190105601,0.343266724613206,0
0.4577277542799232,0.43676557525029003,0.3507964075172799,1
0.47347811977582577,0.44757362784683674,0.3831317247171113,2
0.47296042212479394,0.46726826543189837,0.41190269177733096,0
0.45423808906304963,0.47740835029721307,0.3956269923430764,1
0.45847553719092093,0.4971727392945201,0.4064603833356917,2
0.46387621287385894,0.49928235162774703,0.4094410636214797,0
0.45778314689913246,0.49494052675006195,0.4023168272866642,1
0.46485834425249584,0.48571996366671033,0.3994742616841205,2
0.49647411787428397,0.48375620778624273,0.40625543111969264,0
0.5249730504787519,0.4807883766620581,0.41196061358460623,1
0.5566335557925116,0.46929543640868143,0.4014702955729025,2
0.5852390104277245,0.46369587590201755,0.39021141283287075,0
0.6454218872639923,0.5006838258333955,0.4226759350721353,1
0.4415640844679515,0.39753061649572485,0.3340417463094051,2
0.3614573072263568,0.39472132022693895,0.31057052122650874,0
0.4400301672252225,0.46603166816835817,0.3423110330381695,1
0.46384425335658097,0.4670759080376422,0.3861257785911184,2
0.3683258524216858,0.40708728132078187,0.32667246132060584,0
0.40358255079917293,0.40942306781634297,0.37772951271345656,1
0.49960586557818887,0.5246061365061511,0.49600124542832635,2
0.1233015043295346,0.14435192974348296,0.12896032527096524,0
0.17415091094453464,0.19824001726986565,0.19620619946882584,1
0.3676547665360461,0.3686471204900795,0.383880238185613,2
0.42427128113008206,0.3954632808933748,0.38841587329734806,0
0.7380918896783754,0.654269002833649,0.6470605281852142,1
0.6931182417689383,0.6315579210775958,0.6553721433241672,2
0.560672878177695,0.5617716475530562,0.51560961385476,0
0.6310477933846463,0.6243433906055886,0.6045467730787492,1
0.6469174589020964,0.6061960836789347,0.5758738242637892,2
0.638220992169517,0.5919720643025961,0.5586446591450338,0
0.46027576241856694,0.4274498866370756,0.35751520336450526,1
0.45775970798109245,0.4234843281266629,0.34851299656432577,2
0.4604142439665898,0.4160457298268523,0.34187663164694165,0
0.46168824512785744,0.421376827898746,0.3425716750892398,1
0.45054177168814136,0.4276570403100608,0.34174519463530456,2
0.45277021373454995,0.4419317963800754,0.354561252010151,0
0.45063763860775763,0.4587494983894158,0.36365479330231487,1
0.4512874259033568,0.4761907792938014,0.3874980522697603,2
0.456010617981091,0.4871087536989399,0.40011584118188315,0
0.4603311550377761,0.4950779290108017,0.4107153190548618,1
0.46083181149033237,0.49563386859891145,0.40633563007733,2
0.4698861899197717,0.4878232339132278,0.4022589054793889,0
0.4775302201518117,0.4730390449673799,0.390327250365753,1
0.533041034321881,0.4624000935235615,0.3920515066691177,2
0.6293583533954187,0.44160203672507936,0.38777874558065706,0
0.5299582873337297,0.4083513532656905,0.33243556559279464,1
0.35608219915724115,0.3702451820713837,0.24680879212895424,2
0.24186703277442392,0.31274877614173224,0.19817549834450604,0
0.32656065505762066,0.37257252014570474,0.28578048032783787,1
0.11568304171131691,0.12630397832809134,0.08821760057745681,2
0.4989113407745094,0.49241237708946506,0.5077903279959782,0
0.36497466875283513,0.41546865187330406,0.32982913291875526,1
0.5624198394819141,0.5775789380027496,0.5633362282276356,2
0.3941659916490916,0.40491636599654957,0.41676802628175846,0
0.3901501081819482,0.36911005242441586,0.37046047186045294,1
0.6449787579425363,0.6641406310349731,0.680135449209736,2
0.44501540408020035,0.4606730896443165,0.39134086374806476,0
0.38089972688949447,0.4259384906228353,0.3585577776504546,1
0.33502490201834334,0.3565728780725347,0.3107754673608396,2
0.3843063031775542,0.387823865236509,0.3590501008489577,0
0.5891164181629538,0.5556161532290622,0.5487112638107157,1
0.4402219068805636,0.4110845502647421,0.41597273262199674,2
0.47647777783516343,0.4640805964613095,0.48349261637747853,0
0.3968801776453629,0.3917260144213859,0.4179843599078653,1
0.6055186996502379,0.5863090886996168,0.5997950502166682,2
0.6277796928285008,0.5857066481700102,0.5477845331393167,0
0.4628237705572107,0.41689760653110053,0.3425427141856022,1
0.46315825496824803,0.41990348440476266,0.3410590547551495,2
0.4237727591894168,0.41294049644192776,0.43203011841536954,0
0.4395870320876578,0.4346496208303535,0.39756733031511904,1
0.45197343010779856,0.46171944161891043,0.37224710175216447,2
0.4512469457868411,0.46627898646691024,0.37355922165132716,0
0.45144081995407326,0.4744679996251764,0.3821025179377129,1
0.4557911820161452,0.4877323383647645,0.3980396083354637,2
0.4601095903770481,0.49788087742209863,0.40628439202333033,0
0.4811583611005995,0.4927970976487571,0.4051549411081362,1
0.5017533532076747,0.4823166810603373,0.40162623562543764,2
0.5328386453715198,0.4803761814213977,0.4084564172244737,0
0.5214833852618782,0.4509452057904417,0.3797567333964119,1
0.4786380492715604,0.3871136150036206,0.31108734746590966,2
0.48431567641832685,0.4068674377035981,0.3289603240546316,0
0.45839245407821594,0.4875759156146757,0.41838980647712376,1
0.432019698880976,0.46944340496675074,0.43284546333495766,2
0.15493005594212514,0.19167232193443176,0.13562119931091532,0
0.542864505884576,0.5238768657839136,0.5450912238360327,1
0.16089955868763092,0.1556609667946229,0.17707233495327274,2
0.2805580037495755,0.288978658237666,0.30031856203384505,0
0.312103472249461,0.3336884594115741,0.29962351859154696,1
0.5871755826915025,0.5824619004190359,0.5742208572742507,2
0.24582752943846684,0.24520317512445003,0.27060527090513964,0
0.16631301236137128,0.1680121258389574,0.19438169902966557,1
0.5672815131076712,0.5702396894434218,0.5832965792787921,2
0.5498161400087186,0.48862014971318013,0.4983203010381936,0
0.23541392059094643,0.26608789748999606,0.2922965559312682,1
0.038910406940097286,0.042583280456642225,0.04230880289046601,2
0.20109887929168915,0.19900945838844955,0.20535766256826493,0
0.21082009203131222,0.2242909665359766,0.25253402585369417,1
0.09149399105240533,0.10520363655598172,0.1174719872740364,2
0.4251852418987073,0.41659532732825244,0.418650448528194,0
0.5160550132693357,0.5066744432152812,0.5323486816655483,1
0.59036698622229,0.5614503478608592,0.5690124558705798,2
0.6233483705333972,0.6052998181384996,0.5754126878594596,0
0.46168824512785744,0.42239358731588206,0.34170286622511603,1
0.4636056474973773,0.4299949504524909,0.3525986308060781,2
0.4582262762205884,0.44778501727200093,0.36078771857720515,0
0.4550966572124657,0.45907925227363233,0.37390674641331034,1
0.45743162128961923,0.46160106561829917,0.3748357090569132,2
0.4545427426525913,0.4742756422309201,0.3858094406233087,0
0.46138359153831565,0.4888125071074364,0.3914567073626152,1
0.46363547250276427,0.49273368255244165,0.3987257482156188,2
0.49309523207972006,0.47787550644216936,0.4011004936605572,0
0.5366883509810357,0.47108797326033136,0.39944975256155446,1
0.48191893363461713,0.4399088496139123,0.35481298441741005,2
0.41635029361810494,0.41763956142675696,0.3089197801275059,0
0.32052298170210325,0.36968713037796397,0.2652186522985716,1
0.21485515120882234,0.25039053461967387,0.18069014903741998,2
0.32600674049774636,0.32896191397459706,0.31798436051603224,0
0.4860051222236631,0.491807818683769,0.4655661758442211,1
0.3208574602970319,0.3209716060680763,0.28339236737634843,2
0.4596110626202743,0.4450370239942204,0.4989574287548847,0
0.20359150062723239,0.19104028307658769,0.21778164088040386,1
0.3239295579901631,0.31656213611267614,0.3011071780219996,2
0.4143562000393356,0.3998600666753559,0.4068346370291085,0
0.48204462555962024,0.45314359579604246,0.4646394451728222,1
0.5117153005022839,0.4532852222674023,0.4347479368412196,2
0.33977153301411733,0.3208553421727749,0.281088911245236,0
0.15684106640818948,0.1551515339187897,0.17917752870332976,1
0.3360389929142581,0.3436404110932526,0.37549065606122667,2
0.3586877286108764,0.3506985188151708,0.3657109748889078,0
0.2985602443938179,0.351193155412275,0.3913119028444272,1
0.15069899971770936,0.16125418521457727,0.15979415767105337,2
0.2288223326755547,0.22574740164592097,0.24926151064099433,0
0.5305675886967045,0.5215410735175731,0.5302925000789552,1
0.3051688793237941,0.3121230793705977,0.35344071073876804,2
0.4590017612572994,0.4758694738308248,0.4925861576696424,0
0.5442769885938664,0.5207441577176207,0.50880394137829,1
0.6872126522418797,0.6294271703789303,0.5978302031220596,2
0.6123808529421112,0.6018098699650627,0.5993339138123386,0
0.46066350493692243,0.4287963999384281,0.3534028401913193,1
0.45835623716937346,0.4460643497086859,0.3675688940944454,2
0.4577277542799232,0.45438019305958277,0.3719664084412677,0
0.4614389841575248,0.45690834272017955,0.37726614433692307,1
0.46104059234414907,0.4600621891519109,0.38154113739758766,2
0.4536841745031752,0.47812282474072143,0.38890819649585107,0
0.4604696307696904,0.481200577673498,0.3904430939803034,1
0.48200840865077776,0.45455775417511,0.3764262963764369,2
0.48096449274947606,0.4478949333098132,0.3564436742565864,0
0.3933074234996755,0.4311596726569167,0.29580075229140074,1
0.28357470882349745,0.3495887517442614,0.23866871652129118,2
0.2926887430798194,0.33184730374233784,0.26382855325063914,0
0.5160827095789403,0.5031845008126239,0.447610774407326,1
0.3658651906034204,0.3969979273783636,0.35119517033326275,2
0.09200530261609033,0.11544307116177924,0.1064291922843506,0
0.47514838405468673,0.4851851624440392,0.5098754704862088,1
0.13990191155950668,0.1529383418636804,0.14781794825669314,2
0.36325753245400283,0.35880509061699295,0.39281783942524195,0
0.4316937408852852,0.4030752103273132,0.3994207916579169,1
0.5175910650239557,0.481517653155075,0.4131346188005246,2
0.4832632399177873,0.4976610395756944,0.5639154341370515,0
0.3548380230013606,0.39964022305817226,0.39771213483330703,1
0.40532525471182745,0.4059056449615377,0.38834012612078217,2
0.14011282692521457,0.12503355852569373,0.12626701596768114,0
0.18525691008384362,0.16927620355464554,0.17987257214562785,1
0.1327734502827164,0.13973953609649722,0.1552718900658694,2
0.07943142814828175,0.09186531642274873,0.09516362579104332,0
0.2638574663923138,0.28425211280068896,0.29907326750410057,1
0.5296706749426637,0.5164382674841029,0.5326471942640674,2
0.5069985003280053,0.5156878526256476,0.5530553142130025,0
0.4478126731891767,0.43756249105024225,0.4387489142625949,1
0.5817173915096818,0.557455191022209,0.564583754729584,2
0.4608850695976505,0.44522938138847656,0.46941789696633673,0
0.5398733626083675,0.5231898660217736,0.5308427450847335,1
0.4401324260482943,0.4243129485893832,0.4502795806697122,2
0.40480116515734,0.39109397556354175,0.43370982041801,0
0.4633222983139845,0.4383594068501947,0.3674485986988234,1
0.4596387589298788,0.44695216105710156,0.3673193875777221,2
0.4664519173221072,0.4581724204358677,0.380393861113103,0
0.46254681327727354,0.4499559268254537,0.3741384336424112,1
0.4478872415187526,0.45861209612867604,0.4144445188908198,2
0.4822384997268523,0.4779029868943173,0.4002896066037087,0
0.4923474491687222,0.5007113062855435,0.4222415275992394,1
0.3815836023981538,0.3527848749068697,0.29490075663310356,2
0.41626720468929124,0.4082414372278782,0.33327541355328083,0
0.33697425808903236,0.3905443780621416,0.2970750077247828,1
0.173486211146242,0.21837010633711576,0.14579072757373773,2
0.452548649073822,0.391588612160646,0.3642629601153682,0
0.21586072150549926,0.2733425925875699,0.17454387534633498,1
0.4094710933116472,0.43209610282291877,0.3494798297553775,2
0.37392039645574715,0.4215417048408542,0.32603533360391485,0
0.45645374730254695,0.4801013826706977,0.4298291323105885,1
0.5213789919269154,0.55440703641767,0.5708837365010002,2
0.4824877606971849,0.4920276565301732,0.45632783003386923,0
0.298781809054546,0.31654099774723765,0.26660874526483597,1
0.05444985707029204,0.045039560828904174,0.03401278723026788,2
0.2020682326795236,0.22170785597108386,0.23292788939946446,0
0.3377774336192393,0.3974418330525715,0.4108601235730498,1
0.3362477795841836,0.3587924064435739,0.297770057248749,2
0.45520744245088407,0.41118178212913536,0.4137851140237666,0
0.18473069183357385,0.17853693126356399,0.18789458432987294,1
0.2269347611275304,0.2337292553604223,0.27113546465109156,2
0.28543245536613504,0.26644513759713995,0.2955111493366928,0
0.4690276217703556,0.4560015051116353,0.45916594385534126,1
0.39906175348790884,0.38004071100297343,0.3791708437337207,2
0.4368174592882861,0.43036275685696435,0.44850854417508734,0
0.1018095984684185,0.1239343635228933,0.15537214028333307,1
0.12749421494932564,0.1402722194430789,0.16394216550115243,2
0.14573506726888055,0.1699082424124896,0.20118737150613558,0
0.2522806358058356,0.25877824725890575,0.2842166219397479,1
0.1338770220109005,0.14713796977074087,0.17666688838401445,2
0.3889314938237811,0.3966998781569151,0.43834346769333654,0
0.47052319340845983,0.4403379590093912,0.3722849722996132,1
0.4702568854235427,0.45926316124664857,0.3828510314062147,2
0.465094827232026,0.4553419858016433,0.3886475544447807,0
0.5419505451159506,0.5051905334239685,0.48748914201778226,1
0.45764040795954486,0.4515687846854869,0.4470360202789818,2
0.5201816819748974,0.5298400027136514,0.45708080136511064,0
0.3363095582907396,0.3710336494500961,0.2751520415512216,1
0.12310976467419346,0.13559641069977776,0.13287887784416735,2
0.18326281650507423,0.211732653818657,0.18757602047152744,0
0.20215132160833735,0.2646589428321996,0.17946713165803768,1
0.20179127539958644,0.277024898155263,0.19534852613904913,2
0.3964370483239068,0.4010417030346002,0.3526209079564402,0
0.2378234529976759,0.3415477129148442,0.20668983372725414,1
0.20429667472593213,0.2779423078319162,0.17566887448045754,2
0.5722497029480645,0.644266320229074,0.6663191459591289,0
0.5439169482012242,0.5465752633665479,0.5139299179337877,1
0.5293724132565776,0.5569521002330853,0.5142462498199293,2
0.42881338284749515,0.42731248437633573,0.39461337896076465,0
0.47030162874773185,0.4506704070397417,0.4231682582706383,1
0.24802188327181515,0.22485113610548577,0.22603756010261739,2
0.12064271095247248,0.16619845062186897,0.16935997698356203,0
0.3350355571294721,0.31917906921642636,0.3282363136270277,1
0.2832764471374114,0.26154737313134513,0.25532312751170233,2
0.4876391695936816,0.42830176334132386,0.42505068051707384,0
0.476062344823312,0.4408875565107915,0.4269331027635094,1
0.3275683540500799,0.3123598256010408,0.32758582448545387,2
0.31623013513891407,0.2902702106347226,0.2942079329996731,0
0.5466311283813868,0.49172537732732513,0.4945844174489602,1
0.07652123928899604,0.07788861534496214,0.08453741290496283,2
0.42152939882420615,0.43440230253180145,0.40724008359836683,0
0.37164934559704055,0.3715008055950524,0.3919490305611182,1
0.0625327534161147,0.07933870836819701,0.10312548419580925,2
0.23336443439296786,0.2543539810247766,0.3043150876741488,0
0.14678750376942004,0.16015287233568734,0.18821314818821838,1
0.17643900881782562,0.19851270391525574,0.23339793544760534,2
0.42346810559987513,0.4322588676597171,0.4315957170241417,0
0.4762285168648308,0.44888421227480124,0.3797567333964119,1
0.48090484273870227,0.46393896998994977,0.39052329293794075,2
0.6029642937920299,0.5782046347738842,0.5559513498417498,0
0.5405934550258693,0.4684773822432906,0.3990443120739643,1
0.5837753983068982,0.5585205692569315,0.4552072887624864,2
0.43061360807514115,0.42233862641158604,0.3716478445829222,0
0.4609681585264642,0.4496811280747536,0.4111786874313953,1
0.5704729166384586,0.5335138540893251,0.5294036399550051,2
0.41698729710679305,0.41065966507988316,0.43912539992821553,0
0.24499665178254657,0.26182851396875473,0.2913987861635068,1
0.35184687972515216,0.38246739881777736,0.4124172982078643,2
0.5014316584196573,0.5384686915647258,0.5298870535096969,0
0.4846203300078685,0.5939780969139407,0.4160440219358228,1
0.2565223471413802,0.3530512194655503,0.2155895644194341,2
0.4156855938198122,0.4388265687659304,0.42797567096779054,0
0.510903604372839,0.5146436185271431,0.5458731560709117,1
0.38188186408423996,0.37154731230732885,0.35506248485246517,2
0.47877653081958327,0.4512474849932898,0.44155806718042934,0
0.3620389180958359,0.3635865911874865,0.3067767158300001,1
0.30147043325310363,0.2582032814106675,0.24858651237685453,2
0.3064535355961905,0.314947166147333,0.32444251431218724,0
0.33971614039490816,0.32005842637282256,0.32945264725313456,1
0.28220270623072274,0.26006768755065224,0.2588473812133294,2
0.5394856259061207,0.48444320177760325,0.4532869959686021,0
0.4758130838529794,0.42632321118212724,0.43666377177236426,1
0.2613243649402549,0.25151509796931226,0.27288199810481845,2
0.07721576409267564,0.08103823756607356,0.0765421357338196,0
0.48722373076572145,0.4350893022939415,0.4372429776817801,1
0.2079951266127313,0.21165232456752306,0.22064202577056996,2
0.4992990832928649,0.43610605594029794,0.3868809758128956,0
0.5665166831820889,0.4931543319851215,0.4375615415401256,1
0.41236423515634846,0.42173829221650994,0.4266390419460617,2
0.48065983915993427,0.5184908010369444,0.5270199848662553,0
0.5244468264123734,0.5219807492103814,0.5145380847468412,1
0.5026779632713201,0.49172749520341463,0.5052952871554177,2
0.5631931900067342,0.5459707049608519,0.5224152924128982,0
0.4779496139336842,0.45219357544423433,0.3823838498237633,1
0.5154712737040744,0.5009100057665091,0.426683596246786,2
0.459343998541227,0.4218086553313861,0.35259608866879943,0
0.47780123918477146,0.45893596381776636,0.3632390078972345,1
0.5937330882099427,0.5449518334384058,0.5264630561072017,2
0.7243627091955425,0.7570732819867068,0.8062078517972401,0
0.42536723957198475,0.42104314411366583,0.4129473338304448,1
0.41046175110563066,0.4554730459756736,0.3708124484035076,2
0.6377145545049182,0.6641225107872316,0.6448885029840707,0
0.5541228289106015,0.573851031735167,0.5911153846857915,1
0.33306276795685175,0.33454033611582246,0.3575798089250559,2
0.5297307844260244,0.5474114377796802,0.5158081985642263,0
0.5256654407705404,0.5478236387911201,0.5290575504667008,1
0.38083794236682966,0.3940237541674695,0.34962686016410127,2
0.39355669028611673,0.3448747404404354,0.33723676890678567,0
0.02114768528412364,0.009462901199164514,0.006530549973580935,1
0.44657275442486066,0.3936115589268091,0.3851143910993424,2
0.7113358122053879,0.6154241949419188,0.538769603489408,0
0.3688679021198228,0.3497916812066266,0.30856605206402965,1
0.34648455546294754,0.3394867193992037,0.34788923635418567,2
0.32121141703997946,0.3212616569890887,0.34381490185181984,0
0.4014499756723806,0.37614294761054357,0.37506102269781316,1
0.5586446963858654,0.5291614629143104,0.4924123983294849,2
0.5367041766127941,0.5086942160526998,0.46954407941670906,0
0.46860229555761435,0.43676557525029003,0.434109057604107,1
0.4725215501949025,0.4490364050434905,0.43624050591548347,2
0.4491954821119063,0.41070873978905287,0.3956642243153715,0
0.5909779684406775,0.5247405206491937,0.49598071979838587,1
0.24617265732841556,0.23865661238367505,0.22896255055333414,2
0.33411961888389063,0.28283886043400863,0.26438087210524985,0
0.5840639238270293,0.5219729009502131,0.45027512280697246,1
0.5028164448193431,0.49165139593368024,0.48345697172056545,2
0.6029959508716556,0.595079253981783,0.5544702325485756,0
0.34957978382035804,0.3436675914648647,0.34462165337433964,1
0.6181160072199778,0.553417757452682,0.48379112897599774,2
0.7448081109869875,0.6898849210765684,0.5928219798249051,0
0.4881099952247422,0.4562213429580395,0.38795250492081457,1
0.5446732517114597,0.48571996366671033,0.4242375614880214,2
0.45457043896219596,0.432973347874005,0.3572545613134349,0
0.3635344897339401,0.3606462462862293,0.3355343153836689,1
1.0,1.0,1.0,2
0.9552543086547467,0.9700680399144508,0.9623805403015999,0
0.6255917308986079,0.631680521288827,0.6290472049410439,1
0.4340777114943012,0.4443479121267704,0.4303816092885706,2
0.4275947743054369,0.43715029003880235,0.40362004362368387,0
0.4564814436121516,0.4637783172584615,0.4260932548030232,1
0.5627181011680003,0.5887061839569628,0.5252244453307326,2
0.5544690269645501,0.5289056846529593,0.5209672776393586,0
0.49193201034076217,0.49131318208666475,0.436113526766586,1
0.45224186097238916,0.41942998040231727,0.3863752790261735,2
0.39928971005209235,0.38727426773510887,0.35076744661364234,0
0.33376155015209585,0.29516163301380804,0.27735302765600267,1
0.4069955189906884,0.35358390858291155,0.3138318948231934,2
0.6055953908594873,0.5135444235243427,0.45137561890019706,0
0.3290809668866598,0.31115493877104816,0.3051838965382725,1
0.3305808017324373,0.30797995397387823,0.31352001471812335,2
0.41299910994925426,0.40444920985159327,0.4024905866268216,0
0.5677629938498606,0.5445417503030554,0.49336808382285335,1
0.5055711051160214,0.4943317441337458,0.47685179359735475,2
0.3629805751740657,0.3740014748035012,0.325021720221603,0
0.22159374127147488,0.28754970357986953,0.17677382235475364,1
0.3853118734742311,0.37722930839965707,0.3434917220073633,2
0.4278994220788699,0.3951060407862309,0.41143932948246564,0
0.17758518354219907,0.1610597099442315,0.16240949998890397,1
0.2364791467145058,0.201472080847421,0.20520394840626566,2
0.45950028319796465,0.3934572482820303,0.3560382276873282,0
0.5163042742396683,0.4778480259900214,0.362004052203312,1
0.537306178759357,0.5291339824621624,0.5210140578306187,2
0.2698120508190174,0.2755959434974665,0.2583840128367958,0
0.5064722820777355,0.4896369033595366,0.5081957745652366,1
0.4821575394938208,0.49557467771321606,0.39782129469458194,2
0.35098831157573596,0.35363886948720746,0.2942948157105859,0
0.5151964451199196,0.4602883690850246,0.40338835639458304,1
0.5495945753479906,0.4698281255260427,0.4201831201221107,2
0.4125559748116895,0.41758460052246105,0.33776426239208757,0
0.390233197110762,0.44992844637330576,0.5023168266784973,1
0.6796666292574556,0.6804467822923906,0.6623894517699116,2
0.44360291555480125,0.506784365023873,0.45380828615241076,0
0.37455739994443527,0.46586679122624997,0.3564436742565864,1
0.31548874413137185,0.38223065258733424,0.28042950637818287,2
0.44235661070313825,0.4557541868130832,0.3987257482156188,0
0.4671443134300045,0.44522938138847656,0.44045757108720474,1
0.4473205431519671,0.47275790412997043,0.42439350154055644,2
0.6755271767449826,0.5707026213777582,0.5296553723622642,0
0.7140519698625067,0.6364345471779521,0.6411815802984749,1
0.4258755034947136,0.41934120272994346,0.3967297143268368,2
0.4198399588349785,0.411401625746319,0.34428033799551777,0
0.6205787977340255,0.5276690931601986,0.47512307943125043,1
0.35411367319229414,0.3062635163919627,0.26817260365292594,2
0.35192996865396586,0.33113282929882937,0.30750072625760394,0
0.4090386132852114,0.3879612674972488,0.38184187588664265,1
0.2736425865342753,0.25873597052802877,0.26489785646802216,2
0.5307337665543321,0.4961496435614542,0.49658268330994615,0
0.450388377637425,0.4242347372143388,0.4096727508505805,1
0.36989172918169266,0.3874391504479966,0.30191806507884805,2
0.3478032999484042,0.3781784227390781,0.22707790241636283,0
0.3369465617794277,0.37276488331074065,0.235794958042906,1
0.29067334509490106,0.3096076081126403,0.20704404224251272,2
0.44844967667786484,0.41588084711396445,0.4076744849895947,0
0.35162531506442407,0.3264062838618522,0.33828554649422815,1
0.21231992106098105,0.18466283303010003,0.19154358520819353,2
0.5205971208028576,0.47782054553787345,0.4922965547149345,0
0.15384992313198106,0.15413477450165367,0.1649869656776376,1
0.24178820705328344,0.24648416122417718,0.25837956105572424,2
0.2923010063775726,0.31011070467254365,0.27535476179501667,0
0.35035130808704795,0.3522099148294111,0.36012163603854463,1
0.408993875777131,0.3955182417976708,0.37583372296047013,2
0.2027052361682117,0.19763545886416953,0.18913987885961742,0
0.5095465142827578,0.4480872907040694,0.39571387505398925,1
0.5744397993898483,0.4969655856215349,0.45642362238859324,2
0.5752685425338776,0.5273118530530546,0.4611931645382966,0
0.6549769279620965,0.6373413847864963,0.6487402241061865,1
0.7919026087480883,0.7916304641621492,0.814306401774908,2
0.5637748008762131,0.5744673625311156,0.5245873176140415,0
0.522009603512148,0.5331101130406841,0.4763973348646324,1
0.3305211459055549,0.39294358542479757,0.30843636657281415,2
0.48830386939197423,0.5008487085462833,0.4450622635405619,0
0.5235051751502523,0.5254706973838182,0.5200984687752349,1
0.43553919491934523,0.4371566321255119,0.41753213314734694,2
0.5234220862214385,0.487988110855336,0.47182160331491296,0
0.53724226554091,0.509257553780174,0.4913698240435356,1
0.47628178078825767,0.4728170892448863,0.4295083425617072,2
0.5685661693800675,0.5498178932414327,0.5189979726820103,0
0.600277809921472,0.5617166924195398,0.4830871698082202,1
0.49176157509157004,0.4782031539918554,0.4525874946635642,2
0.06142918750403928,0.06845243862582642,0.06484216784928451,0
0.31401447689941664,0.3076649905976112,0.33275412945114013,1
0.531400595048407,0.5046599564119172,0.4960324383041679,2
0.39568925959680046,0.3821630075096193,0.3466261225368187,0
0.2810842219998453,0.3820530857010275,0.2195771804159266,1
0.45450865443953115,0.42599979361384077,0.30591013285641216,2
0.3567213313417116,0.413517574395476,0.29241239346415043,0
0.14479341019065065,0.18362071103690555,0.06597161876447857,1
0.5599442651609552,0.45473531529063715,0.3312348253637745,2
0.5512009264084046,0.4532535176046344,0.3554879826815498,0
0.34143327669374035,0.31395788718234496,0.32444251431218724,1
0.07446323249177964,0.06966155543721866,0.08400721915901097,2
0.36131882567833395,0.3176401985208176,0.32313929797516755,0
0.3072290148167929,0.3171730366050818,0.33993628759323097,1
0.5512350146214646,0.5248724810648316,0.5309630404803554,2
0.43507262667984925,0.4255262953821749,0.39707500711661603,0
0.33329072452103536,0.35973940867768517,0.32536924498358616,1
0.24202681872859585,0.21333916959198054,0.20012029417928828,2
0.4287026034251856,0.40065698247530823,0.38922676035419657,0
0.47484373046514494,0.43264358821900906,0.37019982372771454,1
0.5945724806489922,0.47574687361959345,0.40786384380850693,2
0.586789974685038,0.5469874643779878,0.5038806850665873,0
0.793455701701184,0.8121410438072918,0.8773819909923075,1
0.7955712356295005,0.8187975225858789,0.8465548362638265,2
0.6466128053125547,0.6267066575532977,0.5752099615339964,0
0.4694153642887111,0.47119788929814366,0.45951346861732445,1
0.42462280673959507,0.4109365817066728,0.4146316457375281,2
0.34794177568031837,0.29046257379975826,0.28285548987712117,0
0.5821370877292065,0.543497516204551,0.5206197528773755,1
0.6369853366128743,0.6373878857279932,0.5738154107049923,2
0.5320077677155995,0.49499548765435786,0.506313352318801,0
0.44750801959963493,0.4885651888088842,0.3928757612325171,1
0.4809346677440892,0.4379260732440958,0.46634141824415654,2
0.4951724145873031,0.46234936260066506,0.4423979151409154,0
0.4418580829463643,0.41505645086186427,0.3958297125868715,1
0.5925442988571626,0.6008692098176611,0.6565572840744326,2
0.5670705977419633,0.5373969770140734,0.5385461934106329,0
0.5072477671144466,0.46528971327270185,0.45771792908180176,1
0.38298542999631535,0.39611011602994795,0.3542204110014433,2
0.31661787765726956,0.36045388312119353,0.2770923856049324,0
0.2744649377748489,0.34608189518678556,0.18766290318244022,1
0.39625808665936824,0.44248350598678565,0.31217892783365486,2
0.3181134492953738,0.347181090189586,0.2337098155526754,0
0.395356909697654,0.4033225343966449,0.30920938308221385,1
0.3078234094931829,0.31508245053198336,0.20953908308307317,2
0.49636333263586563,0.49546264379931415,0.43961772312671865,0
0.472378811255315,0.4199478732409495,0.41584129561035954,1
0.3044530501139655,0.26950808848040797,0.2753146653570321,2
0.3564166777521699,0.3092588279682954,0.30741384354669116,0
0.46559334917269113,0.4438553876349761,0.46032435567417285,1
0.4361058874700221,0.37347090356222956,0.3637327663694163,2
0.574437670694066,0.5233272682825134,0.4676513183344517,0
0.48315245467936896,0.40211341758525265,0.38838691239371037,1
0.6279778243872974,0.5448778520447609,0.4771948604965982,2
0.6335681052136856,0.5741650890990471,0.5184766885798696,0
0.4595279795075692,0.4270102109442673,0.36484216602478403,1
0.6547020993779415,0.5890613061880173,0.5092873549329817,2
0.6913968422624329,0.6196992865250556,0.5774688694460526,0
0.6856084298772481,0.6513836130659082,0.6286996801790607,1
0.6098733249199833,0.5919910905627245,0.5182695104733349,2
0.4061305589378167,0.4410524392236792,0.36269910172727826,0
0.32428960419891406,0.3402561547470081,0.3652186516904048,1
0.5737537951854066,0.5605625365124435,0.5724119502321771,2
0.6116053737215088,0.5239867818217259,0.48783666677976534,0
0.4880269121120371,0.43921128355444294,0.3943527369096943,1
0.4022233261972006,0.39392018021636666,0.3879970592215387,2
0.6077556622958843,0.5654814393436768,0.5545322898901797,0
0.5420336340447645,0.5001342283319954,0.5384882716033578,1
0.41665921041531995,0.40270952179892927,0.41684599934886,2
0.5027333558905293,0.5302247232729433,0.5915725436791638,0
0.28474006507434635,0.2940074771067117,0.2726614524917327,1
0.2631437658782676,0.2929463346241683,0.3383145073978658,2
0.4968064677734303,0.4822997726762984,0.4848827093437429,0
0.4879715194928279,0.47933194155211367,0.45386620187801785,1
0.3985248801265102,0.398122490728002,0.3633273198001581,2
0.2942397073371328,0.3746609941134933,0.26313350980834105,0
0.24521822225938325,0.30975346456539965,0.18499855478279376,1
0.34277971748880154,0.3769925563984343,0.23389694848105197,2
0.29404583898600933,0.3478680899517259,0.20095569035870287,0
0.39527382658494903,0.4344847438882453,0.29979727793170446,1
0.28103948449176486,0.35689840774613124,0.21069304312083326,2
0.21893494789441278,0.2766127029146026,0.18470894574641772,0
0.2615310229143981,0.3330564205537301,0.3047205342434071,1
0.32911931830739327,0.3124190164867363,0.31542248822438523,2
0.036835353128296416,0.046441035034552575,0.05105705139285069,0
0.296760019166172,0.2907923334547544,0.3119606141927731,1
0.47243419805841536,0.4433713173352013,0.38278865781786786,2
0.48246006438758027,0.46212952475426083,0.41242398196113983,0
0.4596387589298788,0.4195906331338056,0.4595713904245996,1
0.3322212410059113,0.29898345871833043,0.3133952614597617,2
0.4874729975521628,0.4776831490479131,0.4678540385782468,0
0.4763669984128538,0.44588890069846865,0.3783087186228724,1
0.5863702784655133,0.5291339824621624,0.44444741297423296,2
0.5107928191344207,0.4688346223504346,0.3820446022121058,0
0.38222912648607976,0.38875818329720124,0.40448885248780764,1
0.33198262933059897,0.33695222765189736,0.28083494686577304,2
0.4662857394644797,0.4849928050497829,0.43845931130788696,0
0.5435292056828687,0.55440703641767,0.5469446851788305,1
0.49554950199452985,0.4983564877590745,0.4578270828614085,2
0.4143562000393356,0.35734865550704864,0.4491167109881409,0
0.5918859967784342,0.3780410204783383,0.868404287233026,1
0.629498963639224,0.3940977413318939,0.8958943211882562,2
0.5799491257993137,0.5248111838446058,0.5306689857445759,0
0.19384259157800474,0.17576145753363556,0.17442803173178456,1
0.2850958480754241,0.3086606116493087,0.26913943076230956,2
0.2451074370209649,0.27845385281305934,0.32571676974556935,0
0.12950535554267947,0.1441870528013747,0.17269041400353713,1
0.3098515912850124,0.33206925946483146,0.36653968731504694,2
0.43163835408218487,0.45410539430888264,0.4473211714526182,0
0.5089372071036743,0.4891697472145804,0.4795250516408124,1
0.521945690293701,0.49217140087762257,0.4948472914722344,2
0.5376577043688701,0.5214036712568332,0.5096148284351385,0
0.24291947509107212,0.32423537430839944,0.21801332202783663,1
0.2691388304214869,0.344764974442891,0.20613958872147586,2
0.33486937927184457,0.4149740095054204,0.25221546199534867,0
0.2954306253856953,0.33929436200494745,0.22418187286928376,1
0.27680416505967576,0.37246471621320243,0.21518411785017577,2
0.22284005193924653,0.3052742374269747,0.17819287622465557,0
0.19331637332773496,0.2652909816900436,0.16342310728954762,1
0.3036775708933631,0.3498550963029421,0.29926708418575254,2
0.37092925317953873,0.3560570973392124,0.358528816746817,0
0.4947569815754518,0.49576492300216224,0.49432377539788985,1
0.40735343650365696,0.39167105351709,0.39619951449921675,2
0.11490969118649685,0.10989213524348138,0.1117289281800059,0
0.375443664403456,0.3491596423487825,0.3598320330838367,1
0.42342975417914164,0.40327179770296895,0.4038405831551014,2
0.395356909697654,0.38381180001381987,0.3532290747694936,0
0.46553795655348196,0.4325611468625651,0.3704025500531778,1
0.5260915288935207,0.5184506421821571,0.4279489420363569,2
0.3817305987293059,0.41747468448464875,0.3270199800009208,0
0.3727017820975801,0.41483661301546004,0.3454097889107119,1
0.5074501560648079,0.48376677408357227,0.41547372567021823,2
0.3535363197143798,0.3815584491039232,0.3205328713827963,0
0.46027576241856694,0.4425913156900675,0.4610773270054144,1
0.37612540540022443,0.364888715652652,0.38958765262273054,2
0.4937599318780127,0.45721062192302764,0.5825658850979129,0
0.7392551114173331,0.5872180384134711,0.8600057954648281,1
0.5118942621668224,0.441122196406704,0.5183006972675083,2
0.399400489474402,0.36688418196666717,0.3447726611940208,0
0.18334589961777928,0.17119979480954625,0.18858963385383914,1
0.07649141428360917,0.09076189143854882,0.12102742168816877,2
0.38402934589761706,0.42409734072437855,0.4872284999667119,0
0.5754624108850009,0.5518239258527773,0.5404865313826756,1
0.5623005336442579,0.5634035316732178,0.5308071004278203,2
0.5945170938458917,0.5867234018163666,0.5698812647347035,0
0.4978312079643652,0.5000792674276994,0.4704315103486486,1
0.47234472304225483,0.46861477873325086,0.4732651663073809,2
0.43341088300022623,0.42747736708922357,0.41934549805216026,0
0.43986398936759497,0.4296207961905284,0.38911091673964615,1
0.359691170211771,0.3889484285861474,0.3410278679609761,2
0.3299672313456805,0.36191031823113795,0.30932522669676427,0
0.4932891062469521,0.49301693549516123,0.47859832096941346,1
0.34096031655078884,0.37119218430549483,0.2942146167529486,2
0.19758151776521096,0.26391698793654317,0.16831740269761264,0
0.29207944171684463,0.34577961598393747,0.29458441866529383,1
0.49411784357487265,0.5230672658105423,0.539508568738945,2
0.2726370162375984,0.2570744880796296,0.27639733608096606,0
0.25975849399635664,0.2578164487460656,0.2646973621147628,1
0.45379282522970266,0.4303500726835453,0.4394885180872854,2
0.5064999783873402,0.4625142395427734,0.46052707591796793,0
0.17265533930643043,0.15732244347224247,0.17193744267229566,1
0.4273071619143708,0.40658629686618863,0.4418588056694842,2
0.4023916327506104,0.38985737830000156,0.36788300009005115,0
0.4599434125194206,0.43492441958105366,0.36336519034760684,1
0.45015402916978586,0.42747947919453355,0.3593976256109408,2
0.5115129115519226,0.4950229681065058,0.39559803143943884,0
0.41034031657219217,0.4256362114199872,0.36188821467042964,1
0.46566365429459367,0.45834575156999546,0.4574528291679917,2
0.6473328977300565,0.6350055925201556,0.6430929634485482,0
0.4957817217663867,0.5169519303413357,0.46003475271946503,1
0.2686914378923576,0.26122184345774857,0.26686270356263087,2
0.578287376303582,0.5318735157771439,0.5455835531162038,0
0.6970467789157034,0.5960665708817291,0.5019693019165142,1
0.4771467408411294,0.413126517520254,0.3469847828331488,2
0.23535853378784596,0.21832782960623878,0.217347233407508,0
0.4780287420924768,0.4598761738443642,0.4260642938993856,1
0.3527714897887976,0.39306196142540883,0.40602374997226,2
0.45058224598854846,0.5077461635367132,0.5458441951672741,0
0.42213870600328973,0.4758694738308248,0.39649580120720007,1
0.5964515315977786,0.7098333633163803,0.7254516734807602,2
0.5862360601251636,0.6726530559907461,0.7008688106886242,0
0.6040721287278873,0.5969734027194937,0.5901824507128995,1
0.4606528498257936,0.4933255567847188,0.42997616271931227,2
0.3509329189565268,0.3454223758767935,0.3208803961447795,0
0.3509329189565268,0.3426194274654967,0.35592238407277765,1
0.4164205987400076,0.4215903236584406,0.39351734073027966,2
0.302797698337798,0.2851589504092331,0.2638575141542767,0
0.43053051914632745,0.4117588600826835,0.441152620611171,1
0.4332425764468164,0.42096885686870555,0.4110138316533809,2
0.4365128056987443,0.42896128265131583,0.4211989593949581,0
0.5144486622089218,0.5354733857591727,0.5579496096210675,1
0.488808783236095,0.5457064782782607,0.551391211689117,2
0.35857694918856675,0.3490497263109702,0.36533448922328715,0
0.11798391757541035,0.12275272716364902,0.13182739391440673,1
0.35503828325593956,0.32881394541652775,0.33940609384727904,2
0.5990591955633049,0.557512264031815,0.5157833792765857,0
0.3563335946394648,0.38389424137026373,0.41723139465829207,1
0.35476984657524024,0.367936870257191,0.4204638134330073,2
0.47924735645064387,0.4550671870509432,0.5033304400608092,0
0.46052502338889956,0.43330310752900114,0.3634231121548821,1
0.4606528498257936,0.4338125404048343,0.3650738471722167,2
0.46382082025464977,0.4254163735735831,0.3681726030447592,0
0.36336831187631247,0.3722977213950047,0.27570228655699985,1
0.37919750309335565,0.4263253232874372,0.3412149948076846,2
0.46254681327727354,0.479854058601366,0.417520997613,0
0.49057492025068083,0.49483060494147,0.4180133208115029,1
0.23409304740970757,0.23298941257007585,0.20174207437465347,2
0.4299489082768485,0.3373158040749714,0.2943527375178611,0
0.5763763716536263,0.43404506242465746,0.33113234925577495,1
0.18291129089556116,0.16838627433014033,0.12423978920305762,2
0.41034031657219217,0.40868111292068654,0.4024037099975769,0
0.4316660503917894,0.43234130901616097,0.42600637209211045,1
0.501067349003233,0.5053406140873478,0.491291850976434,2
0.4647901736424842,0.48743851335393584,0.5057341464093852,0
0.46883375341923217,0.48164025336630634,0.4267014216160766,1
0.23087181887353328,0.24899962671135498,0.22694201362365424,2
0.5405657587162648,0.5521811659599213,0.558760496677916,0
0.4825431533163941,0.4935665329965614,0.46776716194900214,1
0.30540749099910647,0.33615319397585564,0.2578181744339309,2
0.21810407605460122,0.2647139037364955,0.19255719859050524,0
0.0,0.0008518767042482445,0.001361132062626752,1
0.17960058152711753,0.19120304791338597,0.16784067289619636,2
0.19434111933477863,0.17394778808732672,0.17228496743427874,0
0.49639102894547016,0.4804311365549141,0.5059368666531803,1
0.3025441741597922,0.3258841668126,0.27422308498928694,2
0.20937991301241718,0.25495853943047275,0.18728641751681946,0
0.5777611580533122,0.5874653567120232,0.6184187661644276,1
0.37672192877239674,0.44375603789449325,0.38490944496501156,2
0.4277609463469557,0.44330579013357585,0.4232841018851887,0
0.2988095053641505,0.3218446211377629,0.28514335261114687,1
0.09874175816685185,0.10227385795205399,0.10970616535979016,2
0.3337892464617005,0.30194917196642557,0.30978858899162964,0
0.3572752459015859,0.3587226492605491,0.40095568914236923,1
0.17587231045104015,0.1870303357299881,0.218801931934323,2
0.45221629917467565,0.4411623552614915,0.48830002907463077,0
0.4608573732880459,0.4309673152626605,0.362004052203312,1
0.4619652024077946,0.4364167893351655,0.3636391999052281,2
0.463073037343652,0.4307474774162563,0.3668693867077395,0
0.6201356625964608,0.5718567772848545,0.5125977406931305,1
0.42677028855297217,0.45417303361581796,0.35793178546811055,2
0.45362878188396605,0.44847201126336134,0.3616854883449665,0
0.5120668261117969,0.5118131896636983,0.4534607613904277,1
0.4572824904465762,0.4529301000363478,0.3861257785911184,2
0.47719787025266536,0.41013754803063085,0.3454966716216247,0
0.5621961461254038,0.48702631811327557,0.4200984633017336,1
0.304691661789278,0.26835393257331175,0.2579117408981192,2
0.16141086443520722,0.23470585015199139,0.2499565601649606,0
0.31298973670848174,0.3498191616587746,0.3311033883521374,1
0.4402815568913374,0.4323032622666835,0.38827775253243546,2
0.47561920968574734,0.47952430471714946,0.42809151458234096,0
0.4686952718712093,0.42846664028343207,0.3773819879514735,1
0.36058595527002957,0.3634386226294172,0.3695025483132125,2
0.19201467585686285,0.20137273110693812,0.21233710046656062,0
0.3709015568699341,0.37397399435135326,0.3802490565949149,1
0.3120885597467675,0.332394789138428,0.28972354202360606,2
0.45520744245088407,0.4910658637881127,0.4181291644260533,0
0.20658264390344086,0.23173801902780675,0.20776136891684105,1
0.10094889580711142,0.10467095320939998,0.13606005856488285,2
0.1616047327863306,0.14635796235482754,0.16252533752178622,0
0.4368174592882861,0.42209130811303397,0.45256299162266633,1
0.24020741779058316,0.2275441627081908,0.23788901625861597,2
0.3462523356910908,0.33388081680583037,0.3492325491291899,0
0.6962712996951009,0.6935103036749235,0.7144512008195947,1
0.43234779138855783,0.45260456459197185,0.42124351369568247,2
0.46875066449041847,0.46710338848979016,0.45595134436824847,0
0.4180397336073326,0.41184130143912745,0.4115551670153479,1
0.4481556723833432,0.4429570042184514,0.4070841435458318,2
0.4627683837541102,0.4359411789981896,0.4322907604664399,0
0.32883170591632727,0.3540785451800158,0.40805097065521534,1
0.31241664643824063,0.30797995397387823,0.32727394438038376,2
0.27125222983791253,0.2580912474967657,0.2768317435538621,0
0.4803828818799971,0.42126690609015416,0.3529394718147858,1
0.46044406897197676,0.4344931980802649,0.36391989321612483,2
0.46022036979935776,0.4348144977724617,0.36397335716066037,0
0.4642362590826099,0.4261583284692394,0.35606718859096576,1
0.7286114173098469,0.6726340297306176,0.624776669743119,2
0.5220926924409618,0.502085300039044,0.4437300923815727,0
0.4984682114530533,0.5047783324125286,0.42452939641493326,1
0.4721359363723293,0.48270140161962927,0.37898371688701227,2
0.3419317986344056,0.3568540189099444,0.28740226052320306,0
0.2605893658361682,0.20414819906608703,0.17616565554170022,1
0.4072937806767746,0.36121909425837795,0.3127403144554482,2
0.5508131897061577,0.5628708483266361,0.523284101277022,0
0.46600878218454256,0.4947206889036577,0.4735302662211909,1
0.45027333500744204,0.43138585259003026,0.39133417999478937,2
0.4910180495721368,0.473643603373076,0.4051549411081362,0
0.46930457905029277,0.4407226795686833,0.4322617995628022,1
0.6002991143276208,0.6035918347486036,0.6448929608468104,2
0.3706799922092061,0.3548479862985997,0.3579206499337636,0
0.5667382478428169,0.5770229984146399,0.6302635385671507,1
0.216853507995265,0.2192875102429894,0.23049744803778655,2
0.24790470612994128,0.2945021194745955,0.20593686847768078,0
0.2674856073411017,0.2760356249610544,0.23863307186437804,1
0.4838576345941773,0.4459163811506166,0.4515271010899924,2
0.20458854450856281,0.19562942625282495,0.2149145661552942,0
0.3731726135447494,0.3639163508424824,0.3891688385469213,1
0.011977351095636218,0.013196699432652725,0.01869945704265713,2
0.18154568020624198,0.18840221160739903,0.21754995365130309,0
0.6976837824043916,0.7058487785458392,0.7204459923208844,1
0.5752749344373332,0.5525130377202272,0.5362026347598677,2
0.47642239103206296,0.4683674604346988,0.4830582089045826,0
0.26632238560214383,0.2546287797754768,0.2860990441861834,1
0.40168645865191066,0.39178942951770124,0.39376684724700306,2
0.509020296032488,0.48491036369333906,0.4631045476883697,0
0.3240126469189769,0.4110443856391751,0.2995076749769965,1
0.44472566299335203,0.47885421333904843,0.3953574406481948,2
0.46357155928431715,0.4489116927269492,0.43052418183455476,0
0.468362921972063,0.43640833514314603,0.3679988437046017,1
0.4611897231871922,0.43517385575569534,0.3646684066846265,2
0.4619928987173991,0.4343198611753575,0.36461048487735137,0
0.46537178451196315,0.43978836150799105,0.36935997576722834,1
0.4717481996700824,0.433013512499572,0.35855554567825076,2
0.5307891591735413,0.4895819482260203,0.43032146159075957,0
0.4958094180759913,0.5088453585395136,0.42904720615737757,1
0.5918284696473339,0.5590828451609712,0.4798146545955203,2
0.3894023252709504,0.38546059828879997,0.31430639873407396,0
0.1405836525562751,0.14753959871407182,0.148421663288675,1
0.23731427594588192,0.22283876140743172,0.18287330977291044,2
0.3589369953973177,0.35270455142651536,0.32415291135747937,0
0.46606417480375173,0.48889494846388026,0.5238053853791625,1
0.4927756659874848,0.4798899932455334,0.49855866593890186,2
0.2801425707377241,0.21634927744704222,0.24268751931195698,0
0.15789350290872897,0.1534203000581452,0.18285549048528799,1
0.28858551329229765,0.2712837169480189,0.3017309382321397,2
0.04735974139812646,0.036438352429977755,0.043903854154397515,0
0.15689645321128995,0.173398184815147,0.20602374510692545,1
0.12627134319959402,0.12621519488493796,0.15352536269381062,2
0.03320721217950856,0.03481704037792513,0.040312769001683985,0
0.2317026907133448,0.21786066769050297,0.217984361124199,1
0.3948860840665934,0.3633202466288058,0.36747532763025714,2
0.24640914030794572,0.24720920773579466,0.2757312474606375,0
0.5976467128540144,0.5720491346791107,0.5818708355739465,1
0.2572680071727045,0.25740424773462567,0.27366169836749354,2
0.3092785010147714,0.31865695216717416,0.33929915987653997,0
0.6983207858930796,0.7084868500150278,0.72898928860727,1
0.5853860125749853,0.5561234739995855,0.539508568738945,2
0.4799674430520371,0.4779854282507612,0.4101940349527211,0
0.08402892248490407,0.09541022550048153,0.11262670402943536,1
0.2745373715925339,0.26927134224996485,0.307282406535054,2
0.4590848443700045,0.4595189337372202,0.47468867804002257,0
0.3512652688556731,0.3727374028585927,0.35592238407277765,1
0.29607188626594794,0.3356205048584944,0.29992203119006605,2
0.30196682649798645,0.35058859700657896,0.29490298252363933,0
0.4704954970988552,0.44531182274492054,0.36759339713534334,1
0.4713008071409531,0.4399088496139123,0.3620797993798778,2
0.4673104854715233,0.4386342056008947,0.3617723710558792,0
0.46600878218454256,0.4399532442208788,0.3697364614328491,1
0.4621739890777201,0.4342564460790421,0.35868029893661246,2
0.4732373794047311,0.43456717947390966,0.3647552833138712,0
0.527271797647063,0.4763366357465606,0.4121922947320389,1
0.45716318460892,0.47237318357067837,0.35849317208990394,2
0.5652426762047127,0.4198379514323577,0.3692151773307085,0
0.461494376776734,0.46886209703180304,0.38670721039107003,1
0.23081216886275954,0.20762757517141497,0.173797587768369,2
0.022821299641592768,0.032838488218728534,0.038227626511453394,0
0.4441845264242802,0.4891147863102844,0.5552852612214212,1
0.5108205154440253,0.5197231740898647,0.5072913210441997,2
0.3358941252788883,0.32000346546852665,0.32319721978244276,0
0.19711069213415036,0.1805154834227606,0.17703446440582393,1
0.20742842824594585,0.2133687621494386,0.2381385166936712,2
0.03966032436298603,0.030612611990200267,0.038633073080711705,0
0.3149284376680419,0.3176401985208176,0.381668116546485,1
0.3468062502509651,0.34707328625708367,0.38765399232229536,2
0.15279748081533281,0.16147191095567145,0.14245583269102297,0
0.003960490847934206,0.0,0.0,1
0.15732041263848792,0.13615869237459696,0.15000111507385172,2
0.31863966754564355,0.31208925683174016,0.3616854883449665,0
0.59285534435016,0.557155023924671,0.5719084854176589,1
0.44708193147665465,0.45976625203577237,0.44232662582708937,2
0.4564260509929423,0.45514962840738715,0.43440486386030797,0
0.6571648898919894,0.6252777028955014,0.6198378261159977,1
0.48967374328896673,0.48764355492161116,0.4291340888682904,2
0.46418086646340073,0.4651797914641099,0.357399365831623,0
0.3783517187508506,0.3798821761475746,0.38343469517837014,1
0.4211927915334952,0.43786688235840043,0.44781572662332503,2
0.5566016020913425,0.5415464444975023,0.540602374997226,0
0.5219265145833343,0.5093674755887658,0.4992470317095926,1
0.4557911820161452,0.48429946320093353,0.4327518968707694,2
0.3932797330061796,0.4287414448049117,0.369533741189054,0
0.4667288746020445,0.4372602118473943,0.36594265603634046,1
0.47261315972295415,0.448017539291824,0.3684733476154821,2
0.4712986726290622,0.4391838031022949,0.36516072988312964,0
0.4649286493743984,0.43607857548815,0.3671300348404779,1
0.4596387589298788,0.435085072312542,0.3619550461215162,2
0.45808780048867415,0.4295108801527161,0.3602085126677893,0
0.46803057207291654,0.4320115493611649,0.3647263224102336,1
0.5036324041564612,0.44884615975454434,0.387934685633192,2
0.389208456919827,0.40826891190924663,0.30854329446188516,0
0.49583711438559586,0.3987059107682597,0.3149145655471274,1
0.4918808809292262,0.4522198498034594,0.3783911434710455,2
0.2385158491055732,0.2571019685317776,0.26107732214007984,0
0.3020222133010869,0.29194648936185075,0.28621488780073384,1
0.4729710714198141,0.44772160217568546,0.41481877866590466,2
0.11673760690763876,0.1311066172640233,0.1217202453215992,0
0.4996314331920112,0.4721047269066878,0.4665508283228952,1
0.29359631194498914,0.27658099248105517,0.28133395989921967,2
0.016811322595679995,0.012475877131655266,0.017057631669133683,0
0.3854695249165121,0.37982721524327867,0.40480741634615314,1
0.49593724451288534,0.49826771008670057,0.5202031707737701,2
0.2742156768045163,0.29106713220545444,0.2503330458305813,0
0.31794727725385497,0.2960684706223521,0.2662612205028528,1
0.28578185227986574,0.25299478355000515,0.2846398877966287,2
0.3826445594979312,0.376529624464098,0.43443382476394565,0
0.450609942298153,0.4519344789846502,0.42102519397313254,1
0.4019250645111144,0.3983592369584451,0.38422330508485647,2
0.4613558952287111,0.45765029761583587,0.40498117568631065,0
0.6143749465208805,0.5997763569015702,0.5354763984417282,1
0.5613759235806124,0.5259674518570121,0.45717213585709493,2
0.4795797063497902,0.495902325262902,0.3893136430651094,0
0.41227901753175233,0.40200349577666084,0.4007819298022117,1
0.6904637115995494,0.6504683212653445,0.6341954586469039,2
0.6053184335795502,0.566333316047925,0.5576889675699972,0
0.661513123258279,0.5335497887334925,0.46941789696633673,1
0.6785332325238846,0.49888917687643564,0.3583996056257157,2
0.667772367090633,0.4963145205035624,0.3200695030062628,0
0.46841831459127203,0.4467407774027169,0.37457283503363903,1
0.4686164461500688,0.4534035982680137,0.37867183678194216,2
0.46647961363171175,0.44712549796200884,0.36840428419219184,0
0.4394762526653482,0.40475148905444136,0.34002317030414375,1
0.4673040935680678,0.44100382040609276,0.37318274206737456,2
0.4618821192950895,0.4374250887895025,0.3611352433391882,0
0.4591679332988182,0.4342923807232095,0.35540109997063707,1
0.45862466803396407,0.4252303582660364,0.35393971769054655,2
0.479524313730581,0.417612080974609,0.35412684453725496,0
0.4752868656027097,0.39384196307054276,0.3381407480577083,1
0.4838576345941773,0.4321848862660722,0.3477956759716655,2
0.5209571611954998,0.46493247316555775,0.4397046058376315,0
0.27172306128508183,0.28191632053434834,0.26371271571775684,1
0.45477709112023046,0.4762203718512593,0.4317538829672125,2
0.13044700680480067,0.14858383281257628,0.15716767981885582,0
0.3548657193109651,0.3414927520105483,0.3426875187037902,1
0.4658724351484106,0.4468929759421857,0.42114994723149424,2
0.1166268274853291,0.1177788634281198,0.13043730094814238,0
0.46207598764621294,0.4553969467059392,0.4877497840688525,1
0.5409449806353824,0.5466238821841344,0.534144221201071,2
0.3717601308354589,0.3728198384442569,0.3196930234223102,0
0.36311905090597985,0.3670215784566274,0.34706053000971465,1
0.4434133104113511,0.40501783361312194,0.44008109150325214,2
0.52331130098302,0.5046684106039367,0.5306979466482136,0
0.45739540438077686,0.4538305955581826,0.4107442799584994,1
0.4209840048635697,0.41516848477576607,0.41067076475413744,2
0.4950893256584894,0.49623208491789805,0.4499275980449893,0
0.5076355038166934,0.5135169430721948,0.43443382476394565,1
0.39888279182337005,0.430202104125476,0.345612509154507,2
0.46803057207291654,0.47062081134459544,0.4176947569531574,0
0.35386866961352614,0.36103096107474164,0.33217492354172434,1
0.6051309571318824,0.5428654773467069,0.4664037979141714,2
0.6386641273070817,0.5541871985712657,0.5186504479200271,0
0.5385993614471,0.41645792506751267,0.4236605875508095,1
0.6942218134971225,0.4653890630131846,0.3798881704080491,2
0.7566757411920967,0.5301697623686474,0.35540109997063707,0
0.4707447580691878,0.46300888191065714,0.38259484721788395,1
0.46676722020666916,0.4510656938963631,0.37583372296047013,2
0.4686398792520001,0.4502032451240058,0.3747466004554646,0
0.46443012743373324,0.440173082067283,0.367969882800964,1
0.473955337310342,0.43322066617255717,0.362329299814933,2
0.46866757556160465,0.4427012317278798,0.3611352433391882,0
0.46240833754535926,0.4386342056008947,0.3598899488094438,1
0.45543326450317667,0.43067560235714186,0.34695359603897546,2
0.45268712480573625,0.42316302266368633,0.3440196959444475,0
0.49190431403115753,0.4371777704909503,0.3658268185034582,1
0.48349971708120876,0.4333982272880844,0.35967831892183744,2
0.49270749537747316,0.46880714189828665,0.39513466306290523,0
0.3889314938237811,0.4492964075154616,0.3632493467330564,1
0.3128043831404874,0.34834581816479127,0.28532602767678367,2
0.17993932332971943,0.19238680214871975,0.17353026196402327,0
0.6223790229616715,0.590653025682612,0.5511439310629294,1
0.319366151866601,0.33467350839516274,0.27328744467407673,2
0.4460124479615307,0.4366556534416981,0.3953373893883685,0
0.5060568490658841,0.49364897435300525,0.49160150519096824,1
0.5187244617575266,0.5137748276680764,0.4688364651663852,2
0.4592787185372367,0.44160203672507936,0.4115551670153479,0
0.47157562990899937,0.4567159853259234,0.4108311626694122,1
0.5467610893301718,0.5227713286944037,0.4864265164720065,2
0.42654233198878866,0.4371777704909503,0.38650449014727495,0
0.284629279835928,0.32404301114336376,0.2660005784517825,1
0.5243914396092729,0.4975278672963541,0.5201407911037552,2
0.4960309827367193,0.4701811356517871,0.47532580575671357,0
0.44086103906503404,0.45286879704534244,0.40770344589323226,1
0.5548141606706076,0.5617166924195398,0.5204838580029987,2
0.5164427557876913,0.5125001836550587,0.4754995650968711,0
0.4289241680859136,0.4447897056956682,0.33706921286812125,1
0.34370432755244695,0.348878501511373,0.30042103814184457,2
0.4125005821924803,0.39859598895966775,0.32172024410526556,0
0.5869838430361614,0.4731764472281197,0.3939183294367984,1
0.7953326239541881,0.5562714425576548,0.45948004985094704,2
0.7553186511020155,0.5045859750182723,0.4111786874313953,0
0.4762008205552263,0.4495162511326454,0.37532580636488044,1
0.4660812218183362,0.4604173171537449,0.38194657788517783,2
0.4689445328415418,0.4509452057904417,0.3755574875123131,0
0.46246373016456843,0.43962348456588285,0.36768027984625606,1
0.461249373197966,0.4327471679408914,0.360333265926151,2
0.46567643810150494,0.43462214037820557,0.35233130500173226,0
0.46434703850491954,0.4310497566191044,0.3514624961376086,1
0.45951945890833124,0.4383995714757616,0.3552184309866684,2
0.45473661100371476,0.43082991300192064,0.351143932279263,0
0.457672361660714,0.42923608140201597,0.3486823041234117,1
0.4833207612327787,0.43680150989445743,0.36841096794546735,2
0.5603405282785486,0.5158527353385354,0.4484216614641745,0
0.45191164558513375,0.45198943988894613,0.3757602077561083,1
0.3632106604340316,0.4233955446835095,0.3390318340721941,2
0.28346605809697023,0.29257852244891525,0.25881842030969177,0
0.4579770152502558,0.45006584863404553,0.3790327229688081,1
0.497935601299328,0.48213911994481007,0.4338746701143562,2
0.3892361474133229,0.38664222887726474,0.4022589054793889,0
0.5790351650306884,0.5895813111319594,0.6186794082154979,1
0.5132662647595972,0.5011087110182544,0.5004299526509902,2
0.1561486703002922,0.15756976177079465,0.15884738182149621,0
0.5198216357661465,0.5353634639505808,0.5558355062271993,1
0.5523385863496488,0.5663037177196876,0.5397268823798267,2
0.4737082050357916,0.49293449413871737,0.44193455284605,0
0.3392176126381343,0.3658124674160147,0.3048074169543199,1
0.6426224894592336,0.6259351101001833,0.6286439903439894,2
0.5251669188298753,0.4983480335670549,0.42904720615737757,0
0.35278853680338196,0.35424342789290364,0.2965537236226422,1
0.5488489211327752,0.5343424803228248,0.4894205703460136,2
0.508438685163009,0.44869184910976556,0.4353605554353446,0
0.5551614230724473,0.5185732423933884,0.4557196632208157,1
0.45716318460892,0.470952688875681,0.4387400046187837,2
0.46215907657502675,0.4238774971071948,0.3677382016535313,0
0.602161118261823,0.4874110329017879,0.42632493595045595,1
0.5733958834885466,0.4136592008668357,0.3245917706114468,2
0.5709756959706883,0.40626287929790206,0.344830583001296,0
0.47162904505125236,0.46120306072451656,0.3857349705970503,1
0.46469217221097703,0.45718525357618955,0.3798012876971363,2
0.46569424121021963,0.4581704526000461,0.3803049106350258,0
0.4661393480086319,0.44356684865820206,0.3719891599617441,1
0.4609212865064929,0.43676557525029003,0.365432513550215,2
0.4621630315289391,0.4342334956888295,0.3634251799220465,0
0.4587801907804627,0.42916934233668813,0.3476935161104088,1
0.4676321802595409,0.4257313369498501,0.3459511242726789,2
0.4595220412605918,0.43393907051692926,0.3532476968373094,0
0.46082769950148506,0.43941541910973103,0.3617806482062049,1
0.4615923782082413,0.43502165721622654,0.3577134718272289,2
0.4985730584444943,0.4574638264167059,0.38120474816995153,0
0.5130539826083461,0.4411525449362812,0.3781949427754864,1
0.5543305512326359,0.5206638284664868,0.47968099169334744,2
0.38640524956387334,0.3984016695003695,0.34344255780219607,0
0.47616916929170916,0.4645889732844878,0.4132576205384647,1
0.07121005025443616,0.0791991940021472,0.06031321649082502,2
0.3380662615770226,0.3830914336044057,0.37729510524056065,0
0.33325907325751825,0.35921336172756924,0.3458938410405573,1
0.4849207262058457,0.48055374253692495,0.46658201511706854,2
0.31367421709244536,0.3414888278804642,0.29606139434247103,0
0.2134056896804504,0.2506284927138195,0.1981961881794861,1
0.3203120663363954,0.3295939528324412,0.3310811112017752,2
0.559582852166661,0.5596596230339834,0.5958628138901724,0
0.377562391375446,0.3820020546975952,0.3802118246226198,1
0.5821328245215333,0.6023742637451919,0.6375036185165168,2
0.4416582821643723,0.43420405317163957,0.4093790062798758,0
0.4117765406371747,0.4372955405597104,0.36711762215582344,1
0.5002918697826307,0.4673316805282137,0.461803563323554,2
0.49222281577550153,0.4416236252113217,0.42802738947357266,0
0.5098788641819041,0.5018340576104077,0.4575048639205165,1
0.41148436260078336,0.40657995477947906,0.36610082806107946,2
0.326671440296039,0.2988262742253429,0.2847358382747241,0
0.720979868447066,0.4240168614329767,0.38492821907453045,1
0.7180124665265497,0.4455485747461432,0.3999175727191596,2
0.6840653813438683,0.514641656462101,0.4550846032712891,0
0.5026779632713201,0.5132421443214947,0.4953373887802016,1
0.47410446815338503,0.4556823175247483,0.3898683398519591,2
0.4718525871889365,0.4624043235049611,0.38540399405405035,0
0.46905531807996015,0.4595189337372202,0.3823921208924208,1
0.46044406897197676,0.4428682265460775,0.36828621468710565,2
0.4602480661089624,0.43206651026546083,0.3616275726193594,0
0.45980493678750634,0.4361335363924459,0.3611352433391882,1
0.46291964329293556,0.4360024762184156,0.3601461390794425,2
0.45950028319796465,0.425746133228579,0.35236026590536984,0
0.4591679332988182,0.4348419782246097,0.3589053024124378,1
0.4549262219632736,0.44446628812738165,0.36398226680447154,2
0.4571184471008397,0.4290986791412761,0.35786272812648845,0
0.4785549603427466,0.4359136985460417,0.3571676786025221,1
0.4868999072819217,0.4386955085919001,0.3806366838765508,2
0.49528319982572144,0.44998340727760167,0.39574282987595866,0
0.503758101897573,0.4785625062043094,0.42832319572977373,1
0.23194555978022183,0.257552216292695,0.23274298844329183,2
0.375222099742728,0.4142870155140598,0.38323197493457506,0
0.2258311893993463,0.31261137388099247,0.3614827681011714,1
0.3900542412623319,0.3922629277493671,0.405649490197175,2
0.2947936218970071,0.33173738770452554,0.27324065840114853,0
0.20096040355977493,0.299943139355081,0.18300028892180786,1
0.2755812874938355,0.34414350765315593,0.2683909172938077,2
0.5091587717644023,0.5344291458898888,0.524268753755696,0
0.2745757230132674,0.3660323052624189,0.23124818739682407,1
0.26773700282332524,0.35083169109451107,0.23626723606325079,2
0.31778109939622745,0.3675711817288072,0.30101361155781126,0
0.4364297167699306,0.4394036467194786,0.37662901662023196,1
0.46578296013224996,0.44150691119521657,0.40337276299749625,2
0.5458002565415753,0.4540779138567347,0.3999710427453632,0
0.33780512992884393,0.3376730441821153,0.26988126047753586,1
0.5455382117643315,0.45210147380284804,0.35618525809605195,2
0.4741790306668523,0.42140430835089393,0.35893426331607536,0
0.533337167312185,0.40961543098137865,0.3487402259306869,1
0.6638885674519484,0.4059944226339115,0.3806990574648975,2
0.7224991756247536,0.5083507219424094,0.4741094721306067,0
0.615787429230171,0.609394318946853,0.6255140476772737,1
0.5036324041564612,0.5096317080421364,0.5027690534390158,2
0.4733204625174361,0.454187829894547,0.38404286199142357,0
0.4717695040762314,0.4587494983894158,0.38268172384712873,1
0.4677813111025839,0.45840494245569086,0.3757401564962819,2
0.46074659386573624,0.44294855002643196,0.36629018079832365,0
0.4638485165642544,0.4392937249108868,0.36565305308163265,1
0.45901241055231956,0.4439927898957159,0.3662589940041502,2
0.46027576241856694,0.4391838031022949,0.3606718810443229,0
0.4568691861305071,0.42503165301429113,0.34792933887383837,1
0.45626839955066145,0.43683110245191537,0.3558421911968085,2
0.4554567034212167,0.4373151727516902,0.3631045482965366,0
0.45745079699998603,0.42926356185416403,0.35783376722285076,1
0.43625502412917383,0.39066486616806284,0.33432243962030167,2
0.5812785195797904,0.5267072946473584,0.5156964965656728,0
0.5593434785811096,0.5260752557895144,0.49898638965852227,1
0.5513543204591208,0.5264113575312199,0.4872374096105232,2
0.4236896702606031,0.40785671666858625,0.37077903571879844,0
0.16664536226051765,0.18840221160739903,0.14784245737925916,1
0.4591018913845889,0.47462231026995516,0.4758225868179563,2
0.27197232225541434,0.3146998478487809,0.2565595123976355,0
0.28645720137317865,0.3204431469321145,0.24610483904284486,1
0.2497816283829454,0.2935678014139034,0.21256432375125361,2
0.4107834458936481,0.41464424985042425,0.2966695611555244,0
0.25962001244833377,0.2953814766309917,0.2083405748262569,1
0.39211224805954836,0.3407402250467829,0.26103054194881975,2
0.4445999652522402,0.3529243892729196,0.3103967558046831,0
0.33204441385326366,0.33805776474140725,0.256878076255981,1
0.23594227335310716,0.18587617982289176,0.14681993435313617,2
0.5455509955712426,0.4244545750607429,0.34068925892447244,0
0.19065757995067287,0.23959727253107668,0.1562119882438192,1
0.29398405446334464,0.2521957498739632,0.213125710373047,2
0.48032748926078794,0.41601824937470433,0.3511149713756254,0
0.26142023767597966,0.30043777595218524,0.20744280505849555,1
0.6919848450353673,0.5350231379982554,0.48190425494849065,2
0.6919784531319118,0.5237119830710258,0.5165073836225214,0
0.4679751852698161,0.46383327816275743,0.44543874920618254,1
0.596391881587005,0.580005620046774,0.5877876540081346,2
0.5371314861186004,0.543799795407399,0.5544164523572974,0
0.46567643810150494,0.44918649147764933,0.37662901662023196,1
0.47118150130329695,0.457605908779649,0.38182182462681624,2
0.4691937938118744,0.4562763038623354,0.37729510524056065,0
0.4617436377470666,0.44330579013357585,0.3693889366708659,1
0.45743162128961923,0.43032048012608737,0.3596471321276641,2
0.4617436377470666,0.4419867572843714,0.36579785759982064,0
0.4601649829962573,0.4356663802474896,0.3578048063192132,1
0.4581772755048348,0.42916632421899104,0.3516006169025211,2
0.4583647577686113,0.4287414448049117,0.35120185408653826,0
0.45650913992175624,0.4265705294806794,0.3562988697383984,1
0.45373317521892875,0.45082894189514033,0.3792332173220675,2
0.4362635447284118,0.4252514966314749,0.36484216602478403,0
0.5434738130636595,0.4989525919727511,0.45823921318394234,1
0.5735450143315898,0.49045496329570704,0.49275769111926404,2
0.6045706506685524,0.5536376010698656,0.5564436730402528,0
0.2686488290800595,0.2874947426755736,0.26200405281147887,1
0.33413011696008477,0.36994924495524517,0.31838534922255085,2
0.3867989245130975,0.3861475922801605,0.3715030400647342,0
0.29313187821738407,0.2833178005107764,0.2916594282145771,1
0.11469877582078905,0.1021850745089006,0.0749938707428163,2
0.5786474225123329,0.44781249195336925,0.3546770956247014,0
0.24408269683003,0.1986522182813056,0.16420503952442667,1
0.5267178830871887,0.43902103826549665,0.345768449207042,2
0.3235972080910168,0.27617302145101474,0.23035041762906278,0
0.42371736657020764,0.35317170757147165,0.29128294254895637,1
0.3512801813583666,0.338254352117063,0.26143598851807814,2
0.44994524831596905,0.45655110261303555,0.34619171506392277,0
0.3824229948372032,0.47353368156448417,0.47683174233752834,1
0.375379751185009,0.4212943865423021,0.3063779530140172,2
0.3301887960064086,0.35358390858291155,0.24735012749092122,0
0.46437473481452407,0.43646329604744194,0.36620330416907887,1
0.1745599578690392,0.20558560791590294,0.14416894737837255,2
0.4884977377430977,0.44594386160276456,0.4256298864264897,0
0.49982530154313465,0.5063721640124332,0.5251086017161822,1
0.3928280772693771,0.38063258523525056,0.37801688369596054,2
0.576681025243168,0.5730384078733192,0.5496379944821146,0
0.5688985192792139,0.554736796072666,0.5613958902555931,1
0.4693919253706712,0.4579610310107035,0.39018021995702923,2
0.4694984474014161,0.461662362838525,0.38363741542216523,0
0.4677813111025839,0.4536382323931468,0.3781639141046843,1
0.459608933924492,0.4391098217086501,0.3659471138990802,2
0.4567307045824842,0.42860404254417184,0.35786272812648845,0
0.45902945175079535,0.44055780262657496,0.3661743432654413,1
0.4538823060619719,0.4463898793822825,0.36788077419951537,2
0.4545150463429868,0.4419867572843714,0.36432088192264345,0
0.4563429678802373,0.4235752179043468,0.3514624961376086,1
0.45731231545196305,0.4369198858950688,0.3719352155654262,2
0.45894636863809024,0.43822201036023434,0.37465971774455176,0
0.45598292167148635,0.43093983481051246,0.3645525630700761,1
0.5916793388042909,0.4943317441337458,0.4734522931540893,2
0.6051522615380314,0.5174190864862921,0.5156964965656728,0
0.5661566369733381,0.5079110404788214,0.5013611351034608,1
0.36720737400691694,0.3793896516557803,0.35431397746563154,2
0.4383407272359948,0.4749901166744286,0.4283811175370489,0
0.35043439701586165,0.392660332482078,0.3396756455421606,1
0.1659103573403223,0.21786700977721243,0.14806745477341643,2
0.4731542904759173,0.4076093983700342,0.3441644943809674,0
0.29099930309059174,0.34333390767978456,0.2420214306916284,1
0.5424661140712003,0.4950419943666343,0.39133417999478937,2
0.22367092377905803,0.2212956549596439,0.20411236803852045,0
0.43194300767172655,0.3393218366863159,0.30726903902850305,1
0.48961408746208424,0.42895916477522633,0.33394818592688486,2
0.5612267927375694,0.5449539513144953,0.44755285260005084,0
0.2841307578952629,0.42648808812423555,0.3909354171788064,1
0.32682269983486445,0.3146977299726914,0.239198910267243,2
0.5735237099254408,0.4899941434666807,0.43698233563070976,0
0.29219022113915427,0.35278699278295933,0.40031856142567823,1
0.23334739319449213,0.28782661443587976,0.21817817172418286,2
0.22530497114907647,0.2232742128896201,0.212163335044735,0
0.4950062425457843,0.49969455263918705,0.49997104213719634,1
0.3746042719644066,0.3832664324938192,0.3730268020148395,2
0.3486618680978202,0.37183056525004843,0.3258615681820892,0
0.5527241943561133,0.5689988621984821,0.5550246191703508,1
0.6715240770847505,0.6647916903821661,0.696914613458509,2
0.44667714775982337,0.43492441958105366,0.36852012780674226,0
0.4694707569079203,0.45545190761023513,0.37741094885511106,1
0.4667075701958955,0.44834306896542053,0.3745862025401898,2
0.45933410534033703,0.4468506992113087,0.36883869166508776,0
0.4594448905787555,0.43640833514314603,0.360874601288118,1
0.454359523596488,0.44417035101124314,0.3690035413614341,2
0.45556748284352633,0.457980057270832,0.377555747291631,0
0.4598603294067155,0.4339076659346972,0.36269910172727826,1
0.4596387589298788,0.42540791938156364,0.35930405914675245,2
0.46207598764621294,0.4348419782246097,0.3694468584781412,0
0.45731231545196305,0.4332756270768531,0.37405155093149833,1
0.45704387877126373,0.4295806373357409,0.37190402877125284,2
0.5136177903691103,0.47078569405748316,0.4452070680587499,0
0.5139778307617525,0.4799090195056619,0.48441934704887746,1
0.37308313271248006,0.3734413110047716,0.31838534922255085,2
0.4614112878479203,0.487685831652488,0.43880683606987003,0
0.463377685117085,0.48955446777387224,0.4346365510894088,1
0.29302961357820356,0.3436995962081686,0.25669540727201234,2
0.2835214507161794,0.3661697017523792,0.23130610920409928,0
0.4789703991707067,0.4711154537124793,0.3809441061188812,1
0.40905352578790477,0.42230057389132913,0.33500857950045676,2
0.3377774336192393,0.3523198308672234,0.2810309894379608,0
0.2514774602756287,0.2040382772574952,0.17228496743427874,1
0.46285998746605317,0.3666347457920255,0.29689679052188567,2
0.3845278736543909,0.37199544219215663,0.30283811199697164,0
0.49536628293842655,0.4177769636874967,0.341847670743304,1
0.40687621315303213,0.36610206244544374,0.2972398574211291,2
0.24001142074367746,0.2378935191225802,0.23078482510195863,0
0.37109543103716625,0.35622198005210026,0.3703735891495401,1
0.4843348521286934,0.4775520888738828,0.4510904677265607,2
0.29523675703457186,0.31527692580232913,0.2758470910751879,0
0.501237784252425,0.5013158646912397,0.46518969017860035,1
0.4100377916784327,0.44567962914939385,0.37907727726953233,2
0.22613584298888803,0.2702373649734249,0.20460469123702352,0
0.32043989277328955,0.3496542847166664,0.28740226052320306,1
0.5282390165230065,0.5526314137208386,0.5470248841364679,2
0.5849620531477874,0.5899110707869557,0.6017665810645523,0
0.45880788709006726,0.4406402382122393,0.3762814918582489,1
0.4706446279418983,0.44973397110296,0.3752411495445034,2
0.46623035266137924,0.4505604852311498,0.37271937369084107,0
0.45864171504854845,0.4425913156900675,0.36481320512114646,1
0.4577298829757055,0.44029357017320436,0.36560404699983673,2
0.4569799655528167,0.4430309913828758,0.368896613472363,0
0.45573366070115384,0.4420142377365194,0.37109759957714405,1
0.45594031285918835,0.4450581623596588,0.3725901686514078,2
0.4590848443700045,0.42989560071200805,0.3634520730585198,0
0.46107893794877397,0.43223138720756915,0.37127135891730156,1
0.4695410562137142,0.4438448213376466,0.38578271169187495,2
0.46099585483606886,0.43574881583315395,0.37694758047857746,0
0.4400578635348271,0.4188486782381491,0.3692151773307085,1
0.42987221706759904,0.41863095249705495,0.4038405831551014,2
0.3464739003518188,0.3809264102460791,0.3112945255724444,0
0.3747235719859541,0.3948862029398267,0.35027512341513933,1
0.5109696462870683,0.5157280172512145,0.4683062653387652,2
0.26241728737341874,0.3416576289526565,0.21812916564238705,0
0.3826445594979312,0.40763687882218214,0.3068635985409129,1
0.528805714889792,0.4316817897061689,0.3856891452276867,2
0.3894577178901597,0.41670524336606485,0.33466550651954513,0
0.4875560806648678,0.40703232041648596,0.32244425453286946,1
0.4662005218398837,0.39249967975058964,0.32321949693280494,2
0.2514220676564194,0.2634773064729553,0.20086880764779008,0
0.38630040257243226,0.3242628547605475,0.29878366454939265,1
0.5238545662478743,0.46583296868739255,0.39757178817785865,2
0.390648635938722,0.3918908913634941,0.37303793754918657,0
0.6031581679592619,0.551274328351377,0.5578627269101547,1
0.530595285006309,0.4810737474808672,0.46908596560144034,2
0.3624543569237959,0.37919517638543465,0.35091225113183033,0
0.3553088486324212,0.3851857937673203,0.3183898070852905,1
0.28676611235428495,0.31742035490363396,0.24459444459929042,2
0.35057287274777593,0.39477628113123486,0.3104257167083207,0
0.30382243852873303,0.328357355568901,0.2827975680698459,1
0.28924168667524375,0.30552367360161636,0.26424290946370865,2
0.5181598920865235,0.5198373201090765,0.5101071516336415,0
0.5888671571926212,0.5952146941774807,0.5894294854633261,1
0.4687954019984988,0.4471297221726288,0.39120942673642767,2
0.4678367037217931,0.44992844637330576,0.37549956570503784,0
0.4665627025605257,0.4472628944519691,0.37338546231116976,1
0.45504552780092977,0.4474848501744628,0.3747109557985515,2
0.4568691861305071,0.4394036467194786,0.37077903571879844,0
0.46240833754535926,0.4383044459458987,0.37645525728007445,1
0.4574614462950062,0.46405734599056103,0.3961683277050434,2
0.4563983546833378,0.45896933623582004,0.39116710440790725,0
0.46545486762466826,0.43797469206168227,0.37793223295725165,1
0.46799009777250955,0.4399680404996078,0.37711243625659185,2
0.4709663227299158,0.45023072557615373,0.3912539810371519,0
0.4639316054930681,0.4419317963800754,0.3830582095127494,1
0.49886021136297354,0.46965056441051534,0.414538085355008,2
0.5305675886967045,0.503761578766172,0.4487402253225201,0
0.37619144731445364,0.42871396435276377,0.337880106006638,1
0.481322404446336,0.48856096459826426,0.4507785876214906,2
0.42058774756208506,0.46317375885276535,0.3795829740562544,0
0.39856961763459053,0.41805176243819686,0.3283521572415781,1
0.48603494722904994,0.4135704231944619,0.3537837776380115,2
0.4567030082728796,0.38012949444612676,0.3077613683086743,0
0.3841955237552446,0.36114088288333346,0.26333623005213613,1
0.29699650214570206,0.2896022429034907,0.2249771665290456,2
0.546908085661324,0.4614974858964168,0.37987257701096233,0
0.4662580489709838,0.4686422591853989,0.3647263224102336,1
0.4214314032088077,0.47142618710734674,0.3737441226074999,2
0.5384331835894725,0.5465477829144,0.4876339404543021,0
0.5229235642807732,0.543799795407399,0.5355053593453658,1
0.5422275023958878,0.49823811752924263,0.5000868796700787,2
0.4676705316802743,0.4471529784141568,0.396785404161908,0
0.2354693132101556,0.3084344259454156,0.19110917773529756,1
0.35894551599655555,0.38628499454090026,0.32905165854661594,2
0.3112449041000449,0.36394383129463037,0.27764263061071054,0
0.3330968503538032,0.3445155382682493,0.2899797262119367,1
0.38909980037719094,0.3786794014228919,0.3769253033282154,2
0.2829121435370958,0.29832182730302836,0.25693599806325623,0
0.5561861632633823,0.5542146790234137,0.545931077878187,1
0.6099926249415307,0.6139200527975546,0.6151707539926258,2
0.5178552384969817,0.5181610471527279,0.5226180126566933,0
0.461494376776734,0.440530322174427,0.37289313911266675,1
0.46402320920501106,0.45112487901127896,0.37695649012238874,2
0.45659222885056994,0.45339091409459464,0.3822183615522633,0
0.45974954416829716,0.4385242895630824,0.378830002725013,1
0.4575509271272755,0.44837266152287847,0.38615696538529176,2
0.45565057177234003,0.47507255803087245,0.4027222738559224,0
0.45889097601888107,0.4628989601020652,0.39617723734885457,1
0.4643811267179796,0.45651093798746856,0.3923633867741878,2
0.465316391892754,0.44237147207288374,0.38276860655804146,0
0.4670612245011908,0.4499009659211578,0.39018245192923307,1
0.46414251504266724,0.44375603789449325,0.38266390455950616,2
0.4872514270753261,0.45127495967465825,0.39716188982752876,0
0.4277609463469557,0.4567434600072918,0.3717057663901975,1
0.3779149755167416,0.4331022901719458,0.3344783796728367,2
0.4990221260129277,0.4983755140192029,0.44900086737359046,0
0.2565734823690248,0.3239056146534035,0.23165363396608246,1
0.24811136410408455,0.2809016789933019,0.19469357913473562,2
0.5919413835815347,0.5029921376475882,0.41100492200956973,0
0.38652196723316035,0.3325068230523299,0.2662032986955776,1
0.48400676543722043,0.4117060170544772,0.319009109432691,2
0.317808795705832,0.332754141350882,0.26185925437495894,0
0.3543671915541913,0.3374532063357112,0.31366927101738296,1
0.7313852533168919,0.7195401145755961,0.6608612380387346,2
0.6577188044518637,0.6269814563039978,0.5920069511520598,0
0.46969232156864826,0.44066771866438725,0.37538372209048754,1
0.6359712457169595,0.5069386756686519,0.45792064932559684,2
0.49018717773232534,0.4154411714211561,0.3255719652273813,0
